<?xml version = "1.0" encoding = "utf-8"?>
<!DOCTYPE hibernate-configuration SYSTEM 
"http://www.hibernate.org/dtd/hibernate-configuration-3.0.dtd">
<hibernate-configuration>
	<session-factory>
<property name="connection.driver_class">com.mysql.jdbc.Driver</property>
<property name="connection.url">jdbc:mysql://localhost:3306/upskilli_hr</property>
<property name="connection.user">upskilli_hr</property>
<property name="connection.password">upskilli_hr</property>

<property name="show_sql">false</property>
<property name="dialet">org.hibernate.dialect.MySQLDialect</property>
<property name="hbm2ddl.auto">update</property>
 
		<mapping class="com.mphasis.hrms.model.Associate" />
	</session-factory>
</hibernate-configuration>
